EmployeeNumber,EmployeeName
1,Mateo Green
2,Kenneth Chen
4,Steven Shah
5,Fatima Muller
7,Sanjay Wright (7)
8,Betty Robinson
10,Stephanie Ivanova
11,Divya Ahmed
12,Michael Liu
13,Anthony Ibrahim
14,Fatima Hernandez
15,David Zhao
16,Betty Wilson
18,Elizabeth Wright
19,Brian Rao
20,Lee Williams
21,Susan Thomas (21)
22,Michael Taylor (22)
23,Neha Mitchell
24,Sergei Singh
26,Kim Young
27,Ling Allen
28,Andrew Nair
30,Barbara Wilson
31,Kimberly Kowalski
32,Hassan Adams
33,Robert Chowdhury (33)
35,Elizabeth King
36,Vikram Kumar
38,Ali Chen (38)
39,Patricia Hill
40,Pooja Hill
41,Ling Hassan
42,Wang Miller
45,Ling Jones
46,Robert Anderson
47,Hassan Brown
49,William Patel
51,Fatima Rodriguez
52,Sandra Singh (52)
53,Lee Miller
54,Tran Nguyen
55,Olga Nguyen
56,Andrew Green
57,Sanjay Thomas
58,Christopher Perez
60,Linda Campbell
61,Nancy Hall
62,Camila Wang
63,Paul Shah
64,Jonas Rahman
65,Jessica Hill
68,Jun Thomas
70,Deborah Rao
72,Paul Ramirez (72)
73,Jun Shah (73)
74,Ananya Wright
75,Jessica King
76,Ivan Rivera (76)
77,Diego Siddiqui
78,Liu Iyer
79,Aisha Ahmed
80,Lee Zhao
81,Brian Nair
83,Anthony Lee
84,Tran Moore (84)
85,Anna Lee
86,Steven Campbell
88,Diego Liu
90,Mark Clark
91,Neha Iyer
94,Anna Wilson
95,Patricia Shah
96,David Thomas
97,Ali Zhang
98,Steven Moreau
100,Joshua Brown
101,Steven Clark (101)
102,Wei Ali
103,Tariq Garcia (103)
104,Karen Ali (104)
105,Elizabeth Wang
106,Neha Moreau
107,Ali Gupta
110,Choi Lewis
112,Kim Rao
113,George Lee
116,Joshua Nelson
117,Priya Rodriguez (117)
118,Tran Petrov (118)
119,Donald Campbell
120,Kim Lewis
121,Betty Liu
124,Anthony Ferrari
125,Deborah Lewis
126,Tariq Kumar
128,Deborah Kowalski
129,Nguyen Malik
131,Olga Rao
132,Liu Ali (132)
133,Olga Miller
134,Elena Gupta
137,Jonas Gonzalez
138,Brian Rahman (138)
139,Elizabeth Ibrahim (139)
140,Melissa Rivera
141,Mary Wright
142,Richard Smith
143,Jonas Zhao (143)
144,Diego Iyer (144)
145,Anna Roberts
147,Zhang Torres
148,Susan Zhao (148)
150,Sarah Ahmed
151,Betty Gupta
152,Sergei Nguyen
153,Charles Petrov
154,Kim Green
155,Timothy Moore
158,Amanda Park
159,Wei Chen (159)
160,Anna Hall
161,Hiro Hill
162,Elena Moreau
163,Mei Kowalski
164,Chen Shah
165,Charles Huang
167,Ling Davis
169,David Davis
170,Mei Allen
171,Ivan Mitchell
174,Dmitri Ivanova
175,Lee Huang (175)
176,Linda Ali
177,Arjun Nelson
178,Brian Petrov
179,Yusuf Hassan (179)
182,Mark Jackson
183,Tariq Mitchell
184,Elizabeth Ramirez
190,Joseph Moore
192,Brian Harris
193,Barbara Adams
194,Andrew Rodriguez
195,Patricia Smith
197,Divya Miller
198,Liu Siddiqui (198)
199,Ling Ahmed
200,Barbara Ferrari
201,Nguyen White
202,Diego Wilson
204,Kevin Hernandez (204)
205,Pooja Rivera
206,Ananya Liu
207,Priya Siddiqui
208,Park Hernandez
211,Karen Choi
214,Elena Green
215,Camila Williams
216,Omar Liu
217,Sarah Rahman
218,Liu Siddiqui (218)
221,Nguyen Hassan
223,Mark Baker
224,David Walker (224)
226,Sergei Ahmed
227,Ravi Robinson
228,Amit Nelson
230,Sandra Petrov
231,Wei Zhang
233,Sergei Lewis
235,Wei Davis
238,Margaret Novak (238)
239,Chen Kumar
240,Pooja Gonzalez
241,Tariq Patel
242,Hassan Gupta (242)
243,Hassan Rossi (243)
244,Sandra Yang
245,Ling Lopez
246,Chen Ivanova
247,Tariq Robinson
248,Noor Dubois
249,Daniel Gupta (249)
250,Karen Gupta
252,Charles Singh
253,Timothy Kumar
254,Tariq Brown
256,Ravi Hernandez
258,Daniel Gupta (258)
259,Betty Rodriguez
260,Daniel Roberts
261,Zara Thomas
262,Sandra Robinson
264,Hassan Scott
267,Zara Clark
269,Arjun Campbell
270,Park Rahman
271,Fatima Ramirez
273,Sanjay Nair (273)
274,Jennifer Campbell
275,Kim Wang
277,Mark Ibrahim
281,Deborah Lopez
282,Emily Campbell
283,Diego Gupta
284,Steven Choi
286,Layla Iyer
287,Kevin Choi
288,Sarah Chen
291,Mateo Young
292,Anthony Allen (292)
293,Wei Kumar (293)
296,James Davis
297,Melissa Baker
298,Jennifer Moreau
299,Elizabeth Patel
300,Donald Adams
302,Jennifer Green
303,Elena Rossi
304,Thomas Scott
305,Camila Gupta
306,Kevin Wang
307,Karen Roberts
308,Piotr Williams (308)
309,Kim Hassan
311,Mark Nair
312,Sarah Williams
314,Elena Baker (314)
315,Daniel Carter
316,Donna Wright
319,Hassan Moore
321,Sergei Rivera
323,Yuki Perez
325,Lee Walker
327,Fatima Rao
328,Michelle Liu
329,Ling Iyer
330,Park Ali
331,Richard Allen
332,Anna Zhang
333,Divya Walker
334,Nancy Johnson
335,William Allen
336,Donna Ramirez
337,Charles Rossi
338,Deborah Ivanova
339,Mateo Williams
340,Wang Ramirez (340)
341,Charles Jones
342,James Malik
343,Christopher Martin
346,Liu Adams
347,Yuki Choi (347)
349,Richard Singh (349)
350,Kenneth Adams
351,Nancy Lee
352,Neha Garcia
353,Ling Flores
355,Brian Singh
359,Mary Muller
361,Susan Zhao (361)
362,Donald Martin
363,Donna Davis
364,Margaret Huang
366,Joseph Smith
367,Ashley Lee
369,Ali Yang
372,Piotr Wright
373,Omar Rahman (373)
374,Jennifer Zhao
376,William Gonzalez
377,Ling Ferrari
378,Margaret Harris (378)
379,Piotr Rivera
380,Steven Patel (380)
381,Noor Singh
382,Kenneth Sanchez
384,Emily Scott
385,Kevin Jackson
386,Ananya Choi
387,Tariq Wright
388,Nancy Wilson
389,Nancy Yang
390,Lisa Nelson
391,Ali Ahmed
392,Sofia Kowalski
393,Christopher Williams
394,Jennifer Malik
395,Zhang Anderson
396,Daniel Torres (396)
397,Matthew Singh
399,Wei Sanchez
401,Aisha Young
403,Michael Choi
404,Vikram Davis
405,Jennifer Torres
406,Carol Rodriguez
407,Mary Nelson
408,Mark Rossi
410,Anna Zhao
411,Susan Yang
412,Fatima Wang (412)
416,Divya Campbell
417,Arjun Roberts
419,Michelle Dubois (419)
420,Carol Siddiqui
421,Jun Hall
422,Emily Baker
423,Divya Roberts
424,Priya Park
425,Ashley Williams
426,Kevin Park
428,Jonas Reddy
429,Sanjay Zhang
430,Linda Johnson
431,Mary Davis
433,William Carter
434,Sofia Lee (434)
436,Neha Ibrahim
437,Priya Rivera
438,Ling Dubois
439,Karen Perez
440,Kenneth Ferrari
441,Hiro Baker
442,William Ferrari
444,James Nair
445,Mei Lewis
446,Zhang Wang
447,Hassan Gupta (447)
448,Jennifer Wang (448)
449,Donald Clark
450,Ashley Nair (450)
451,Tariq Baker
452,Sofia Kumar
453,Carol Singh (453)
454,Donald Kim
455,Susan Ibrahim
456,Nancy Reddy
458,Wang Sanchez
460,Tran Brown
461,Divya Kim
462,David Rodriguez
463,Ivan Hernandez (463)
464,Divya Yang
465,Robert Hill
466,Ashley Rao
467,Piotr Moore (467)
468,Emily Chowdhury
469,Sergei Miller
470,Jessica Muller
471,Deborah Khan (471)
473,Deborah Miller
474,Emily Johnson
475,Kevin Ivanova
476,Jun Ivanova
477,Stephanie Rivera
478,Yusuf Walker
479,Linda Wang
481,Linda Hernandez
482,Karen Martin
483,Zhang Nelson (483)
484,Michael Rahman
485,Karen Ali (485)
486,Hassan Jackson
487,Emily Carter
488,Klara Patel
491,Robert Kumar
492,Mary Chowdhury
493,William Johnson (493)
494,Lee Lee
495,Chen Martinez
496,Andrew Torres
497,Ananya Rivera (497)
498,David Jackson
499,Yusuf Ahmed
500,Chen Gonzalez
501,Anthony Martinez
502,Klara Iyer
505,Park Martinez
507,Jun Robinson
508,David Martinez
510,Brian Sanchez
511,Hassan Yang
513,Stephanie Harris
514,Richard Nelson
515,Michael Davis
516,Ivan Singh
517,Ali Huang
518,Steven Clark (518)
520,Susan Nelson
521,Tariq Smith
522,Thomas Siddiqui
523,Nguyen Flores
524,Sanjay Brown
525,Yuki Moreau
526,Michael Rivera
527,Steven Patel (527)
529,Arjun Singh
530,Wei Campbell
531,Omar Rahman (531)
532,Arjun Miller
533,Melissa Dubois
534,Andrew Harris
536,Ashley Nair (536)
538,Ravi Wright (538)
543,Wang Rahman
544,Sanjay Wright (544)
546,Joseph Gupta
547,Piotr Petrov
548,Ivan Hernandez (548)
549,Tariq Rodriguez
550,Anna Nelson
551,Robert Lewis
554,Kim King
555,Elizabeth White
556,Charles Scott
558,Olga Hernandez
560,Kim Petrov
562,Timothy Petrov
564,Layla Johnson
565,Karen Sanchez
566,Steven Allen
567,Donald Ramirez
568,Barbara Kowalski
569,Mark Wang (569)
571,George Davis
573,Tran Robinson
574,Michelle Ali
575,Tariq Wilson (575)
577,Olga Ibrahim
578,Klara Perez
579,Donald Ali
580,Yuki Farooq
581,Sandra Garcia
582,Elena Nelson
584,Sandra Muller
585,Amit Park
586,Ravi Yang
587,Aisha Thompson
590,Sofia Wang
591,Michael Clark
592,Anna Farooq
593,Mary Rivera
595,Lee Yang
597,Deborah Yang
599,Zhang Mitchell (599)
600,Sergei Davis
601,Wei Adams
602,Lisa Khan
604,Sanjay Wilson
605,Ananya Lopez
606,Chen Torres
608,Andrew Davis
611,Ananya Gupta
612,Piotr Chen
613,Margaret Hussain (613)
614,Matthew Scott
615,Ashley Chen
616,Margaret Novak (616)
618,Karen Ferrari
620,Mei Harris
621,Andrew Jones
622,William Harris
623,Steven Taylor
624,Mary Johnson
625,John Moore
626,Elizabeth Iyer
630,Susan Campbell
631,Lisa Davis
632,Brian Williams (632)
634,Betty Adams
635,Layla Walker
638,Ashley Mitchell
639,Linda Torres
641,Ivan Davis
643,Ravi Jones
644,Michael Campbell
645,Neha Shah (645)
647,Jonas Gupta
648,Tariq Singh
649,Camila Liu
650,Anthony Allen (650)
652,Carol Jackson
653,Omar Hassan
655,Sanjay Nguyen (655)
656,Sofia Hernandez
657,Liu Khan (657)
659,Anthony Thomas
661,Nguyen Farooq
662,Mary Lee
663,Klara Kumar
664,Wei Young
665,Camila Allen
666,Amanda Jackson
667,Michael Novak
669,Sergei Ali
671,Charles Adams
675,George Kumar
677,Kimberly Martinez
679,Melissa Hassan
680,Wang Young
682,Neha Rahman
683,Zhang Yang
684,Carol Garcia
686,Pooja Davis
689,John Clark
690,Patricia Farooq
691,Donald Wright
692,Choi Green
698,Kenneth Nair
699,Michael Lopez
700,Klara Anderson
701,Piotr Khan
702,Carol Lopez
704,Diego Iyer (704)
705,Patricia Chen
707,Susan Perez
709,Michelle White
710,Jonas Harris
712,Yuki Sanchez
714,George Scott
715,Kenneth Lopez
716,Zara White
717,Elizabeth Ibrahim (717)
720,Barbara Nelson
721,Amit Roberts
722,Anthony Rossi
723,Wang Brown
724,Donna Martin
725,Linda Novak
727,Ananya Scott
728,Susan Baker (728)
729,Jessica Hall
730,Aisha Lopez (730)
731,Emily Mitchell (731)
732,Christopher Chen
733,Tran Moore (733)
734,Anna Thompson
738,Donna Ivanova
741,Dmitri Jones
742,Jun Miller
743,Susan Thomas (743)
744,Chen Ali (744)
746,Deborah Hassan
747,Matthew Petrov
749,Jonas Choi
752,Richard Shah
754,Wei Walker
757,Jonas Singh
758,Wang Johnson
760,Ashley Scott
762,Neha Rao
763,Ravi Gupta
764,Patricia Wright
766,Neha Huang
769,Anthony Torres
771,Yuki White (771)
772,Yusuf Hassan (772)
773,Tariq Roberts
775,Aisha Anderson (775)
776,Mary Thomas
780,Mark Hassan
781,Sarah Thompson
783,Tran Smith
784,Barbara Huang (784)
785,Camila Baker
786,Ali Liu
787,Elena Kowalski
789,Kenneth Schmidt
791,Sanjay Dubois
792,Marta Wright
793,Daniel Iyer
796,Kevin Jones
797,Brian Wang
799,Paul Moreau
800,Kevin Siddiqui
802,Arjun Muller
803,Carol Singh (803)
804,Hiro Ferrari
805,Hiro Kim
806,Mary Taylor
807,Joseph Campbell
808,Timothy Miller
809,Kimberly Schmidt (809)
811,Noor Thomas
812,Sanjay Perez
813,Jun Shah (813)
815,Dmitri Smith
816,Kevin Mitchell
817,Olga Dubois
819,Marta Khan
820,Ali Rivera
823,Sarah Flores
824,Timothy Schmidt
825,Liu Zhao
826,Wang Gupta
827,Vikram Lewis (827)
828,Thomas Martin
829,Zhang Liu
830,Liu Reddy
832,Sofia Chen
833,Jonas Iyer (833)
834,Sandra Williams
836,Ling Clark
837,Wang Scott (837)
838,Aisha Baker
840,Barbara Dubois
842,Sofia Davis
843,Michelle Petrov
844,Mateo Ramirez
845,Marta Liu
846,Ali Ramirez
847,Sarah Nelson
848,William Smith (848)
850,Ananya Kowalski
851,Thomas Farooq
852,Patricia Hussain (852)
854,Arjun Schmidt
855,Olga Campbell
856,Brian Hassan
857,Sandra Thompson
859,Diego Ali
861,Zara Baker
862,Michael Taylor (862)
864,Nancy Torres
865,Stephanie Wang
867,Mateo Ivanova
868,Diego Robinson
869,Brian Lewis
872,Margaret Hussain (872)
874,Ravi Wright (874)
875,Sofia Shah
878,William Kim
879,Jonas Wang
880,Yusuf Williams
881,Sofia Hill (881)
882,Dmitri Clark
885,Diego Gonzalez
887,Sofia Zhang
888,Nguyen Patel
889,Sarah Hall
893,Andrew Hernandez
894,Matthew Hassan
895,Barbara Young
896,Emily Davis
897,Donald Gonzalez
899,Klara Farooq
900,Susan Schmidt
901,Matthew Jones
902,Piotr Williams (902)
903,Jessica Carter (903)
904,Matthew Mitchell
905,Elizabeth Park
909,Barbara Martinez
910,Barbara Huang (910)
911,Elena Robinson (911)
912,Layla Muller
913,Lee Hassan
916,John Lopez
918,Elizabeth Rahman
920,Elena Choi
922,Ananya Patel
923,Wei Chen (923)
924,Mark Wang (924)
925,Jessica Liu
926,John Carter (926)
927,Klara Hill (927)
930,Zhang Campbell
932,Choi Thompson
933,Steven Hussain
934,Liu Khan (934)
936,Liu Ali (936)
939,Vikram Novak
940,Vikram Liu
941,Donna Walker
942,Ananya Hill
944,Jessica Patel
945,Park Zhao
947,Ashley Iyer
949,George Miller
950,Elizabeth Kowalski
951,Ravi Chowdhury
952,Omar Nguyen
954,Yusuf Rao
956,Ananya Clark
957,Mateo Reddy
958,Aisha Kumar
959,Sarah Malik
960,Layla Khan
961,Elena Baker (961)
964,Michelle Moreau
966,Hassan Anderson
967,Deborah Khan (967)
969,Nancy Harris
970,Mateo Ibrahim
972,Elizabeth Anderson
974,Carol Carter
975,Matthew Torres
976,Richard Singh (976)
977,Thomas Rao
981,Susan Kim
982,John Ramirez
983,Richard Liu
984,Donna Iyer
985,Anna Miller
986,Diego Walker
987,Klara Hill (987)
990,Hassan Jones
991,Andrew Garcia
992,Sergei Mitchell
994,Choi Robinson
995,Mary Campbell
996,Patricia Schmidt
997,Robert Chen
998,Tran Farooq
999,Park Hall
1001,Sergei Petrov
1002,Paul Martinez
1003,George Martinez
1004,Jennifer Liu
1005,Marta King
1006,Susan Patel
1007,Layla Torres
1009,Anthony Allen (1009)
1010,Nancy Gonzalez
1011,Arjun Chowdhury
1012,Lee Huang (1012)
1013,Chen Wilson
1014,Ravi Miller
1015,Hassan Novak (1015)
1016,Neha Novak
1017,Steven Torres
1018,Wei Kumar (1018)
1019,Priya Patel
1022,Tran Muller
1024,Ivan Jones
1025,Linda Reddy
1026,Marta Johnson
1027,Amanda Hussain
1028,Sandra Sanchez
1029,Mei Taylor
1030,Kevin Dubois
1032,Elena Anderson (1032)
1033,Tran Dubois
1034,Christopher Jones
1035,Donald Garcia
1036,Barbara Farooq
1037,Omar Nelson
1038,Karen Huang (1038)
1039,Melissa Roberts
1040,Melissa Thompson
1042,Jessica Carter (1042)
1043,Nguyen Wilson
1044,Tran Iyer
1045,Charles Martinez
1046,Ashley Torres
1047,Ali Torres
1048,Susan Liu
1049,Steven Martinez
1050,Wang Nelson
1052,Linda Ahmed
1053,Donald Mitchell
1055,Aisha Lopez (1055)
1056,Matthew Rodriguez
1060,Hiro Harris
1061,Amit Iyer
1062,Kevin Farooq
1066,Ali Zhao
1068,Arjun Ferrari
1069,Anthony Hassan (1069)
1070,Liu Brown
1071,Ali Park
1073,Joseph Nelson
1074,Barbara Allen
1076,Sergei Hussain
1077,Daniel Allen
1079,John Kumar
1080,Klara Hall
1081,Thomas Williams
1082,Nguyen Martinez
1083,Olga Torres
1084,Elizabeth Reddy
1085,Charles Thompson
1088,Mark Dubois
1092,Emily Hassan
1094,Anthony Novak
1096,Noor Scott
1097,Ashley Wilson
1098,Jonas Iyer (1098)
1099,Marta Choi
1100,Betty Sanchez
1101,Pooja Shah
1102,Mei Carter (1102)
1103,Zara Mitchell
1105,Steven Rao
1106,Stephanie Liu (1106)
1107,Michelle Ivanova
1108,Timothy Scott
1109,Ananya Rivera (1109)
1111,Nguyen Smith
1113,Fatima Wang (1113)
1114,Sergei Hassan
1115,Tariq Chen
1116,Kim Ramirez
1117,Omar Wang
1118,Karen Rossi
1119,Linda Huang
1120,Hiro Lewis
1121,Hassan Novak (1121)
1124,Andrew Robinson
1125,Vikram Thomas
1126,Aisha Malik
1127,Dmitri Shah
1128,Piotr Lopez
1131,Stephanie Perez (1131)
1132,Stephanie Moreau
1133,Emily Lopez
1135,Ravi Hall
1136,Elena Siddiqui
1137,Mark Siddiqui
1138,William Miller
1140,Mateo Choi
1143,Nancy Chowdhury
1148,Nancy Ivanova
1150,Marta Allen
1152,James Lewis
1154,Camila Mitchell
1156,Zara Garcia
1157,Deborah Jackson (1157)
1158,Donald Hussain
1160,Priya Shah
1161,Mark Robinson
1162,Ling Thomas
1163,Omar Miller
1164,Stephanie Perez (1164)
1165,Jessica Siddiqui
1166,Amanda Hill
1167,Lee Petrov
1171,Marta Patel
1172,Margaret Baker
1173,Olga Liu
1175,David Clark
1177,Wang Malik
1179,Hassan Rossi (1179)
1180,Diego Khan
1182,Yuki Lee
1184,Zhang Nelson (1184)
1185,Steven Carter
1188,Sandra Roberts (1188)
1190,Mateo Khan
1191,Yuki Thompson
1192,Lee Clark
1193,Patricia Hall (1193)
1195,Andrew Yang
1196,Brian Gupta
1198,Barbara Moore
1200,Lisa Moore
1201,Matthew Brown
1202,Daniel Chen
1203,Jennifer Kumar
1204,Jun Rao
1206,Paul Sanchez
1207,Ananya Mitchell
1210,Yuki Johnson
1211,Lisa Carter
1212,Zara Flores
1215,Pooja Rahman
1216,Matthew Jackson
1217,Jonas Shah
1218,Charles Dubois (1218)
1219,Emily Patel
1220,Pooja Jones
1221,Sandra Brown
1224,Wei Allen
1225,Linda Chowdhury
1226,Donald Iyer
1228,Stephanie Liu (1228)
1231,Christopher Campbell
1233,Elena Ferrari
1234,Carol Robinson
1235,Tariq Wilson (1235)
1237,Emily Jackson
1238,John Choi
1239,Divya Mitchell
1240,Nancy Muller
1241,Sanjay Nguyen (1241)
1242,Anthony Hassan (1242)
1243,Nancy Zhang
1244,Marta Martinez
1245,Yuki Campbell
1246,Tariq Young
1248,Olga Allen
1249,Neha Petrov
1250,Neha Shah (1250)
1251,Mei Jackson
1252,Charles Rahman
1254,Christopher Green
1255,Tran Davis
1256,Camila Wright
1257,Kimberly Schmidt (1257)
1258,Klara Smith (1258)
1259,Deborah Campbell
1260,Elena Young
1263,Carol Martin
1264,Dmitri Novak
1265,Ivan Zhang
1267,Margaret Ibrahim
1268,Daniel Ali
1269,Donna Nguyen
1270,Elena Kim
1273,Sandra Hassan
1275,Yusuf Ramirez
1277,Mark Perez
1278,Brian Rodriguez
1279,Ali Chen (1279)
1280,Timothy Chen
1281,Thomas Yang
1282,Wang Ramirez (1282)
1283,Sofia Nelson
1285,Matthew White
1286,Aisha Rao
1288,Arjun Choi
1289,Betty Patel
1291,Sergei Kowalski (1291)
1292,Matthew Harris
1293,Sandra Adams
1294,Layla White
1295,Nancy Taylor
1296,Melissa Torres
1297,Tariq Farooq
1298,Omar Patel
1299,Divya Ali
1301,Ashley Young
1303,Charles Wright
1304,Amit Rossi (1304)
1306,Karen Lopez
1307,Brian Green (1307)
1308,Piotr Rahman
1309,Aisha Hassan
1310,Kevin Moreau
1311,Andrew Smith
1312,Divya Rivera
1314,Richard Zhang
1315,Pooja Clark
1317,Nguyen Dubois
1318,Dmitri Green
1319,Hassan Hill
1321,Mary Young
1322,John Chen
1324,Anna Martin
1329,Joshua Chen
1331,Andrew Thompson
1333,James Wang
1334,Paul Wang
1336,James Adams
1338,Layla Davis
1340,Jun Ahmed
1344,Divya Park
1346,James Green
1349,Vikram Huang
1350,David Rossi
1352,Tran Sanchez
1355,Emily Mitchell (1355)
1356,Noor Garcia
1358,Betty Moreau
1360,Layla Garcia
1361,Sanjay Walker
1362,Marta Flores
1363,Elizabeth Chen
1364,Layla Ibrahim
1367,Vikram Lewis (1367)
1368,Patricia Flores
1369,Neha Nair
1371,Zhang Thompson
1372,Amit Lopez
1373,Choi Anderson
1374,Wang Lopez
1375,Tran Moore (1375)
1377,Linda Nair
1379,Stephanie Muller
1380,Michelle Anderson
1382,Joshua Davis
1383,Joseph Carter
1387,Betty Hernandez
1389,Robert White
1390,Ling Ivanova
1391,Kim Mitchell
1392,Zhang Garcia
1394,John Petrov
1395,Karen Liu
1396,Layla Ali
1397,Timothy Allen
1399,Fatima Zhang
1401,Aisha Anderson (1401)
1402,Arjun Carter
1403,Ling Kim
1405,Steven Thomas
1407,Nguyen Roberts
1408,Paul Lee (1408)
1409,Sanjay Taylor
1411,Matthew Lee
1412,Donald Hernandez
1415,Betty Martin
1417,Jessica Nair
1419,Mary Nguyen
1420,Jennifer Wang (1420)
1421,Ananya Nelson
1422,Brian Williams (1422)
1423,Christopher Petrov
1424,Layla Rossi
1425,Lisa White
1427,Yuki Martinez
1428,Zhang Hall
1430,Stephanie Scott
1431,Yuki Choi (1431)
1433,Jennifer Hill (1433)
1434,James Scott
1435,Anna Yang
1436,Piotr Mitchell
1438,Robert Rivera
1439,Arjun Hill
1440,Nancy Jones
1441,Noor Nair
1443,Lee Rao
1445,Paul Kim
1446,Zhang Smith
1447,Tariq Khan
1448,Olga Kim
1449,Camila Carter
1453,Ananya Smith
1457,Joseph Brown
1458,Daniel Williams
1459,David Lopez
1460,Donna Nair
1461,Margaret Choi
1464,Wei Rodriguez
1465,Ivan Rahman
1466,Zara Lee
1467,Michelle Hussain
1468,Piotr Ibrahim
1469,Anna Robinson
1471,Barbara Patel
1472,Daniel Kowalski
1473,Diego Ferrari
1474,Arjun Mitchell
1475,Priya Harris (1475)
1477,Divya Lee
1478,Joseph Walker
1479,Anna Sanchez
1480,Zara Ivanova
1481,David Young
1482,Zara Carter
1483,Layla Martin
1484,Christopher Flores
1485,Emily Hussain
1486,Priya Rodriguez (1486)
1487,Emily Wright
1489,Melissa Anderson
1492,Klara Smith (1492)
1494,Noor Kowalski (1494)
1495,Amit Singh
1496,Chen Scott
1497,Matthew Ramirez
1499,William Park
1501,Ananya Gonzalez
1502,Matthew Smith
1503,Zara Nguyen
1504,David Malik
1506,Olga Hussain
1507,Thomas Taylor
1509,Hassan Hall
1513,Ivan Thompson
1514,Zara Gupta
1515,Daniel Gonzalez
1516,Sofia Scott
1520,Donald Ivanova
1522,Mateo Martin
1523,Hassan Rahman
1525,Sarah Davis
1527,Emily Malik
1529,Barbara Reddy
1533,Margaret Thomas
1534,Tran Rahman
1535,Olga Adams
1537,Marta Ferrari
1539,Patricia Gonzalez
1541,Diego Huang
1542,Lisa Hernandez
1543,Charles Zhao
1544,Emily Mitchell (1544)
1545,Lee Huang (1545)
1546,Joseph Rao
1547,Ling Choi
1548,Sarah Gonzalez
1549,Sergei Robinson
1550,Zhang Nguyen
1551,Charles Dubois (1551)
1552,Barbara Thompson
1553,Diego Shah
1554,Elena Nguyen
1555,William Ali
1556,Hiro Kowalski
1557,Diego Chen
1558,Amanda Lewis
1560,Joseph Ibrahim
1562,Matthew Choi
1563,Fatima Adams
1564,Emily Kumar
1568,Ananya Nguyen
1569,Lee Reddy
1572,Jessica Lee
1573,Melissa Novak
1574,Vikram Rossi
1576,Kimberly Rahman
1577,Sergei Kowalski (1577)
1578,Matthew Green
1580,Donald Thompson
1581,Sanjay Nair (1581)
1582,Brian Ferrari
1583,Ling Baker
1585,Jonas Lee
1586,Wang Ahmed
1587,Dmitri Moore
1588,James Chen
1590,John Siddiqui
1591,Tran Anderson
1592,David Kowalski
1594,Anthony Kumar
1595,Susan Chen
1596,Tariq Green
1597,Christopher Miller
1598,Jun Hernandez
1599,Michelle Clark
1601,Camila Hussain
1602,Donna Gupta
1604,Deborah Jackson (1604)
1605,Michael Jones
1606,Richard Patel
1607,Brian Martin
1608,Jennifer Hall (1608)
1609,Choi Torres
1611,Choi Liu
1612,Donna Rahman
1613,Lisa Shah
1614,Kenneth Jones
1615,Noor Hernandez
1617,Kim Shah
1618,Ananya Park
1619,Diego Jones
1621,Priya Nair
1622,Kenneth Siddiqui
1623,Brian Ramirez
1624,Camila Petrov
1625,Ananya Dubois
1627,Sergei King
1628,Layla Hassan
1630,Layla Moore
1631,Yusuf Garcia
1633,Anthony Petrov
1635,Thomas Malik
1638,Choi Davis
1639,Lee Carter
1640,Michael Harris
1641,Joseph Rahman
1642,Kim Thomas
1644,Diego Rossi
1645,Chen Ali (1645)
1646,Patricia Nair
1647,Ivan Nair
1648,Wang Muller
1649,Anna Petrov
1650,Liu Flores
1651,Sandra Roberts (1651)
1653,Tran Petrov (1653)
1654,Liu Baker
1655,Stephanie Khan (1655)
1656,William Smith (1656)
1657,Karen Huang (1657)
1658,Anthony Rahman
1659,Steven Scott
1661,Mark Hill
1662,Sandra Nair
1664,Anna Siddiqui
1665,Barbara Shah
1666,Mark Martin
1667,Jonas Wilson
1668,Charles Ahmed
1669,Kevin Kowalski
1670,Margaret Robinson
1671,Marta Williams
1673,Pooja Taylor
1674,Paul Ramirez (1674)
1675,Kevin Martin
1676,Mei Yang
1677,Stephanie Khan (1677)
1678,Amit Chen
1680,Paul Wilson
1681,Joshua Jones
1682,Klara Shah (1682)
1683,Liu Davis
1684,Ling Young
1687,Hassan Thomas
1689,Amit Rao
1691,Kenneth Jackson
1692,Piotr Novak
1693,Tariq Garcia (1693)
1694,Kevin Thomas
1696,Zhang Reddy
1697,Richard Jones
1698,David Kumar
1700,Andrew Rivera
1701,Amanda Torres
1702,Betty Choi
1703,Robert Ibrahim
1704,Patricia Harris
1706,Wang Ferrari
1707,Ivan Johnson
1708,Richard Scott
1709,Aisha Perez
1710,Michelle Malik
1712,Paul Ali
1714,William Johnson (1714)
1716,Yuki Jackson
1718,Sarah Scott
1719,David Walker (1719)
1720,Margaret Harris (1720)
1721,Mary Sanchez
1722,William Iyer
1724,Joseph Flores
1725,Ashley Johnson
1727,Ravi Schmidt
1728,Jennifer Hall (1728)
1729,Barbara Siddiqui
1731,Pooja Zhao
1732,Daniel Dubois
1733,Diego Wang
1734,Jennifer Park
1735,Klara Young
1736,Arjun White (1736)
1737,Linda Taylor
1739,Chen Perez
1740,Margaret Clark (1740)
1744,Nancy Shah
1745,Klara Malik
1746,Michael Huang
1747,John Ali
1749,Timothy Lopez
1751,Tariq Ferrari
1752,Wei Perez
1753,Park Chowdhury
1754,Sofia Hill (1754)
1755,Patricia Hussain (1755)
1756,Zara Rodriguez
1757,Yuki Hall
1758,Ling Zhao
1760,Brian Liu
1761,Jun Young
1762,Joseph Kim
1763,Stephanie Rodriguez
1764,Thomas Clark
1766,Wang Gonzalez
1767,Ashley Reddy
1768,Paul Roberts
1770,Lee Moreau
1771,Wei Thompson
1772,Margaret Clark (1772)
1774,Olga Mitchell
1775,Sandra Singh (1775)
1778,Mark Harris
1779,Nancy Iyer
1780,Brian Green (1780)
1782,Jonas Patel
1783,Sofia Thomas
1784,Elena Taylor
1786,Zhang Perez
1787,Lisa Ivanova
1789,Zhang Kim
1790,Mei Carter (1790)
1792,Kevin Petrov
1794,Choi Moore
1797,Sandra Jones
1798,Ivan Yang
1799,Tran Kim
1800,Charles Yang
1801,Daniel Torres (1801)
1802,Aisha Hall
1803,Wang Liu
1804,Olga Shah
1805,Christopher Scott
1807,Patricia Thomas
1809,Priya Harris (1809)
1812,Fatima Petrov
1813,Ananya Iyer
1814,Melissa Farooq
1815,Robert Novak
1816,Anna Lewis
1818,Margaret Rahman
1821,Margaret Gupta
1822,Yuki Hussain
1823,Matthew Martin
1824,Ali Siddiqui
1826,Olga Schmidt
1827,Kenneth Choi
1829,Choi Clark
1830,Pooja Chen
1833,Deborah Jackson (1833)
1834,Mark Williams
1835,Melissa Sanchez
1836,Nguyen Miller
1837,Vikram Kowalski
1839,Nancy Hill
1842,Elena Flores
1844,Sergei Johnson (1844)
1845,Steven Adams
1847,Ivan Rivera (1847)
1849,Kevin Hernandez (1849)
1850,Stephanie Carter
1852,Lee Brown
1853,Park Schmidt
1854,Fatima Kumar
1856,Fatima Sanchez
1857,George Anderson
1858,Liu Rodriguez
1859,Mary Park
1860,Mateo Kim
1862,Jessica Rao
1863,Elena Torres
1864,Amanda Zhang
1865,Mateo Rivera
1866,Anna Torres
1867,Michael Thompson
1868,Joseph Shah
1869,Barbara Clark
1870,Brian Rahman (1870)
1871,Mateo Lewis
1873,Wang Kumar
1875,Park Lee
1876,Anna Green
1878,Robert Chowdhury (1878)
1880,Jennifer Reddy
1881,Priya Khan
1882,Yuki Clark
1883,Sandra Zhao
1885,Fatima Nair
1886,Susan Baker (1886)
1888,Priya Jackson
1890,Carol Nair
1892,Zhang Allen
1893,Noor Hall
1898,Pooja Iyer
1900,Divya Khan
1903,Mei Park
1905,Tran Clark
1907,Charles Young
1908,Christopher Ahmed
1909,Jessica Hernandez
1911,Choi Hall
1912,Klara Wright
1915,William Singh
1916,Karen Patel
1918,Hassan Baker
1922,Yuki Hernandez
1924,Linda Schmidt
1927,Amit Carter
1928,William Sanchez
1929,Olga Patel
1931,Amanda Flores
1932,Steven Dubois
1933,Arjun Wilson
1934,Sergei Johnson (1934)
1935,Andrew Thomas
1936,Ravi Flores
1937,Hassan Johnson
1938,Camila Wilson
1939,Klara Shah (1939)
1940,Yusuf Farooq
1941,John Scott
1943,Sandra Kowalski
1944,Sofia Lee (1944)
1945,Hassan Siddiqui
1947,Christopher Khan
1948,Sanjay Roberts
1949,Tariq Lopez
1950,Sergei Chen
1951,Timothy Novak
1952,Richard Khan
1954,Marta Huang
1955,Patricia King
1956,George Patel
1960,Chen Allen
1961,Barbara Hill
1962,Timothy Harris
1965,Sarah Huang
1966,Yusuf Iyer
1967,Melissa Ivanova
1968,Yuki White (1968)
1969,Tariq Shah
1970,Michael Ivanova
1971,Amit Farooq
1972,Camila Anderson
1973,James Hassan
1974,Amit Rossi (1974)
1975,Dmitri Ali
1976,Aisha Nair
1979,Ivan Rivera (1979)
1980,Michelle Dubois (1980)
1981,Charles Patel
1982,Donald Young
1985,John Carter (1985)
1986,Hassan Rivera
1987,Klara Yang
1989,Park Miller
1992,Sergei Williams
1993,Hassan Ibrahim
1994,Christopher Chowdhury
1995,Priya Wang
1996,Kim Clark
1997,Park Wang
1998,Zhang Mitchell (1998)
1999,Choi Smith
2000,Elena Anderson (2000)
2003,Zhang Park
2007,Yusuf Muller
2008,Matthew Iyer
2009,Ali Jones
2010,Pooja Sanchez
2012,Aisha Chen
2013,Camila Thomas
2014,Patricia Hall (2014)
2015,Jonas Kim
2016,Sanjay Wang
2017,Jonas Zhao (2017)
2018,George Lopez
2019,Marta Gonzalez
2020,Arjun Robinson
2021,Noor Patel
2022,Arjun White (2022)
2023,Ashley Jackson
2024,Joseph Roberts
2025,Hassan Chowdhury
2026,Ravi Rahman
2027,Noor Kowalski (2027)
2031,Yusuf Huang
2032,Kenneth Rivera (2032)
2034,George Mitchell
2035,Omar Thomas
2036,Jennifer Hill (2036)
2037,Zhang Flores
2038,Mark Roberts
2040,Sanjay Hill
2041,Elena Robinson (2041)
2044,Michelle Hernandez
2045,Kenneth Rivera (2045)
2046,Wang Scott (2046)
2048,Daniel Patel
2049,Neha Smith
2051,Stephanie Thompson
2052,Timothy Moreau
2053,Elizabeth Chowdhury
2054,Ananya Walker
2055,Piotr Moore (2055)
2056,Neha Sanchez
2057,Sofia Ali
2060,Paul Mitchell
2061,Paul Lee (2061)
2062,Kenneth Park
2064,Park Siddiqui
2065,Mary Ali
2068,Lisa Iyer
